altitude_m,mach,pressure_ratio,turbine_inlet_temp_k,t0_k,p0_pa,t02_k,p02_pa,t03_k,p03_pa,t04_k,p04_pa,t05_k,p05_pa,t8_k,p8_pa,v8_m_s,nozzle_choked,fuel_air_ratio,fuel_mass_flow_kg_s,net_thrust_n,specific_thrust_n_s_kg,tsfc_kg_n_s,tsfc_kg_n_hr,thermal_efficiency,propulsive_efficiency,overall_efficiency
0.0,0.0,4,1200.0,288.15,101325.0,288.15,99298.5,452.90206401742546,397194.0,1200.0,377334.3,1057.5371857535147,214190.78454097259,906.5899577826957,113262.34209468304,588.7060687822064,True,0.02262951704665298,1.131475852332649,32481.420204956707,649.6284040991342,3.4834556038285056e-05,0.1254044017378262,0.182113278554809,0.0,0.0
0.0,0.0,6,1200.0,288.15,101325.0,288.15,99298.5,514.7750395080936,595791.0,1200.0,566001.45,1003.7422209345854,253608.25262574764,860.4733998581956,134105.97812828666,573.5374557876672,True,0.02110403423974952,1.055201711987476,34651.71336721276,693.0342673442552,3.0451646093376188e-05,0.10962592593615428,0.1850672744068527,0.0,0.0
0.0,0.0,8,1200.0,288.15,101325.0,288.15,99298.5,563.2306443709285,794388.0,1200.0,754668.6,961.5005204723903,277941.48951225274,824.2610548413119,146973.19557845243,561.3393029968203,True,0.019909357702373186,0.9954678851186594,35295.5534740692,705.9110694813841,2.8203776032298397e-05,0.10153359371627423,0.18769676084019865,0.0,0.0
0.0,0.0,10,1200.0,288.15,101325.0,288.15,99298.5,603.6565300914217,992985.0,1200.0,943335.75,926.1830205055346,292633.81402710977,793.9845868028585,154742.37710012295,550.9333932349208,True,0.018912654486932103,0.9456327243466052,35336.2240862702,706.7244817254041,2.6761000893528642e-05,0.09633960321670311,0.19014469342600246,0.0,0.0
0.0,0.0,12,1200.0,288.15,101325.0,288.15,99298.5,638.654646320312,1191582.0,1200.0,1132002.9,895.5515642976227,300720.7245098155,767.7253015839028,159018.66948844504,541.746342111048,True,0.018049773331503698,0.9024886665751849,35081.82814543415,701.636562908683,2.5725246211054215e-05,0.09261088635979517,0.19248229276437573,0.0,0.0
0.0,0.0,14,1200.0,288.15,101325.0,288.15,99298.5,669.701209073937,1390179.0,1200.0,1320670.05,868.3351375448906,304092.2812162269,744.3936026960056,160801.5212105281,533.4508074912247,True,0.01728431802054573,0.8642159010272866,34662.464990882174,693.2492998176435,2.493232668982472e-05,0.08975637608336899,0.1947513171949172,0.0,0.0
0.0,0.0,16,1200.0,288.15,101325.0,288.15,99298.5,697.7226902708445,1588776.0,1200.0,1509337.2,843.735405599645,304010.42511831387,723.305105529057,160758.2363727409,525.8402504202868,True,0.016593446320084228,0.8296723160042114,34141.34110386121,682.8268220772242,2.4301105029245023e-05,0.08748397810528208,0.19697899250986492,0.0,0.0
0.0,0.0,18,1200.0,288.15,101325.0,288.15,99298.5,723.3425456457287,1787373.0,1200.0,1698004.3499999999,821.2147547810393,301359.35554773506,703.9989325169647,159356.3723790906,518.7750263055416,True,0.015961786882667424,0.7980893441333712,33552.07059424508,671.0414118849017,2.3786589918246687e-05,0.08563172370568807,0.1991844983833257,0.0,0.0
0.0,0.0,20,1200.0,288.15,101325.0,288.15,99298.5,747.0023969474353,1985970.0,1200.0,1886671.5,800.3921221489533,296780.78362821706,686.1484116150477,156935.26084450746,512.1557960092289,True,0.015378451491272043,0.7689225745636021,32913.60684244804,658.2721368489608,2.3361844790949426e-05,0.08410264124741794,0.20138219400699076,0.0,0.0
0.0,0.0,22,1200.0,288.15,101325.0,288.15,99298.5,769.0276272447454,2184567.0,1200.0,2075338.65,780.9865772573326,290752.9834617948,669.5127108935555,153747.80921818828,505.90907994543045,True,0.014835417802166477,0.7417708901083239,32237.001123680602,644.740022473612,2.3009922271071148e-05,0.08283572017585614,0.20358338494870296,0.0,0.0
0.0,0.0,24,1200.0,288.15,101325.0,288.15,99298.5,789.665578501888,2383164.0,1200.0,2264005.8,762.7844519726823,283639.82861000736,653.9086600708806,149986.43087540768,499.97881775784913,True,0.014326587580849079,0.716329379042454,31528.752983212602,630.5750596642521,2.271987666064248e-05,0.08179155597831293,0.20579736492777265,0.0,0.0
0.0,0.0,4,1400.0,288.15,101325.0,288.15,99298.5,452.90206401742546,397194.0,1400.0,377334.3,1258.3396277625964,234090.2981966954,1078.7309282148276,123785.04281695036,642.1694279251209,True,0.02842225125484761,1.4211125627423806,37515.79380444049,750.3158760888098,3.7880380997673924e-05,0.13636937159162613,0.17350571772040352,0.0,0.0
0.0,0.0,6,1400.0,288.15,101325.0,288.15,99298.5,514.7750395080936,595791.0,1400.0,566001.45,1204.8476707136324,288579.73855440994,1032.8741283443055,152598.61501413668,628.3719068195,True,0.02688812727702912,1.344406363851456,40395.86422178954,807.9172844357907,3.328079222343467e-05,0.1198108520043648,0.17534672021029266,0.0,0.0
0.0,0.0,8,1400.0,288.15,101325.0,288.15,99298.5,563.2306443709285,794388.0,1400.0,754668.6,1162.8439026211238,327521.3283897462,996.8657544973199,173190.61050588006,617.3214949216116,True,0.025686683436802214,1.2843341718401107,41514.06068504649,830.2812137009298,3.093732944083527e-05,0.11137438598700697,0.17694204029899624,0.0,0.0
0.0,0.0,10,1400.0,288.15,101325.0,288.15,99298.5,603.6565300914217,992985.0,1400.0,943335.75,1127.725333482492,355968.3320830999,966.7598229597016,188233.15433329204,607.9282952456864,True,0.02468433434793849,1.2342167173969245,41934.87356075634,838.6974712151268,2.9431750059023287e-05,0.10595430021248384,0.17839182159909953,0.0,0.0
0.0,0.0,12,1400.0,288.15,101325.0,288.15,99298.5,638.654646320312,1191582.0,1400.0,1132002.9,1097.2664132966331,376823.7554217987,940.6484468895268,199261.33230919973,599.6622806803141,True,0.023816565360598983,1.1908282680299491,42015.726291696046,840.3145258339209,2.8342441583957657e-05,0.10203278970224756,0.17974550318509416,0.0,0.0
0.0,0.0,14,1400.0,288.15,101325.0,288.15,99298.5,669.701209073937,1390179.0,1400.0,1320670.05,1070.2032869281381,391947.4596144175,917.4481671051334,207258.62389050733,592.2210356899008,True,0.023046774091123566,1.1523387045561784,41909.05745716501,838.1811491433001,2.7496173249278553e-05,0.09898622369740279,0.18103166808396806,0.0,0.0
0.0,0.0,16,1400.0,288.15,101325.0,288.15,99298.5,697.7226902708445,1588776.0,1400.0,1509337.2,1045.7421164624577,402616.73040978797,896.4784538898051,212900.4473765915,585.4138444440908,True,0.022351988914602525,1.1175994457301264,41690.043093503315,833.8008618700663,2.680734685794281e-05,0.09650644868859411,0.1822685754431623,0.0,0.0
0.0,0.0,18,1400.0,288.15,101325.0,288.15,99298.5,723.3425456457287,1787373.0,1400.0,1698004.3499999999,1023.3483164040614,409752.2827678372,877.2810256357149,216673.66933823618,579.1118196031952,True,0.021716751411845286,1.0858375705922643,41399.5625920433,827.991251840866,2.6228237754399715e-05,0.09442165591583898,0.1834687323916775,0.0,0.0
0.0,0.0,20,1400.0,288.15,101325.0,288.15,99298.5,747.0023969474353,1985970.0,1400.0,1886671.5,1002.6429702038911,414041.95092694554,859.5310503248102,218942.01091768753,573.2233142871718,True,0.021130111688998233,1.0565055844499116,41061.450026710314,821.2290005342063,2.5729865451966718e-05,0.09262751562708019,0.1846411646568714,0.0,0.0
0.0,0.0,22,1400.0,288.15,101325.0,288.15,99298.5,769.0276272447454,2184567.0,1400.0,2075338.65,983.3467297964793,416013.89639272884,842.9890525473461,219984.7596167796,567.6805677174528,True,0.02058400195937687,1.0292000979688436,40690.33365697711,813.8066731395422,2.5293478953627803e-05,0.09105652423306008,0.1857926575303544,0.0,0.0
0.0,0.0,24,1400.0,288.15,101325.0,288.15,99298.5,789.665578501888,2383164.0,1400.0,2264005.8,965.247130564401,416082.5811507158,827.4728937543085,220021.0795573059,562.4319049591444,True,0.02007228944473618,1.003614472236809,40295.541907083985,805.9108381416797,2.4906340124448678e-05,0.08966282444801524,0.1869284847194329,0.0,0.0
0.0,0.0,4,1600.0,288.15,101325.0,288.15,99298.5,452.90206401742546,397194.0,1600.0,377334.3,1459.142069771678,249901.3781225475,1250.8718986469592,132145.8130867174,691.5116144377866,True,0.0342809857694299,1.714049288471495,42017.90034258006,840.3580068516012,4.0793311291057385e-05,0.1468559206478066,0.16775896776516724,0.0,0.0
0.0,0.0,6,1600.0,288.15,101325.0,288.15,99298.5,514.7750395080936,595791.0,1600.0,566001.45,1405.953120492679,317092.2391185122,1205.2748568304148,167675.79305327142,678.7910528053226,True,0.032738122166338306,1.6369061083169152,45455.66596354379,909.1133192708758,3.6011046667531863e-05,0.12963976800311472,0.16900914741926493,0.0,0.0
0.0,0.0,8,1600.0,288.15,101325.0,288.15,99298.5,563.2306443709285,794388.0,1600.0,754668.6,1364.1872847698576,368849.5193045923,1169.4704541533283,195044.6212075228,668.6328163465737,True,0.03152983391907384,1.5764916959536919,46916.729631137,938.33459262274,3.360190934765046e-05,0.12096687365154167,0.17007365084329898,0.0,0.0
0.0,0.0,10,1600.0,288.15,101325.0,288.15,99298.5,603.6565300914217,992985.0,1600.0,943335.75,1329.2676464594495,409826.8797563877,1139.5350591165447,216713.11561812417,660.0197122354067,True,0.03052177462975945,1.5260887314879725,47592.30139038399,951.8460278076798,3.206587382631424e-05,0.11543714577473126,0.17102624205660488,0.0,0.0
0.0,0.0,12,1600.0,288.15,101325.0,288.15,99298.5,638.654646320312,1191582.0,1600.0,1132002.9,1298.9812622956438,442749.46514770115,1113.571592195151,234122.3105899044,652.4573568829851,True,0.02964906212033006,1.482453106016503,47883.24680039105,957.664936007821,3.0959744901935015e-05,0.11145508164696606,0.17190324776371196,0.0,0.0
0.0,0.0,14,1600.0,288.15,101325.0,288.15,99298.5,669.701209073937,1390179.0,1600.0,1320670.05,1272.071436311386,469394.5882234146,1090.5027315142613,248212.034624596,645.6638027752507,True,0.02887488549000311,1.4437442745001556,47961.202621415905,959.2240524283181,3.010233679702366e-05,0.10836841246928518,0.1727256055075166,0.0,0.0
0.0,0.0,16,1600.0,288.15,101325.0,288.15,99298.5,697.7226902708445,1588776.0,1600.0,1509337.2,1247.7488273252704,491003.8927086337,1069.6518022505531,259638.85880976473,639.4613120209466,True,0.028176142248699892,1.4088071124349946,47911.27892861762,958.2255785723523,2.9404498146124582e-05,0.1058561933260485,0.17350663561929525,0.0,0.0
0.0,0.0,18,1600.0,288.15,101325.0,288.15,99298.5,723.3425456457287,1787373.0,1600.0,1698004.3499999999,1225.4818780270834,508487.472903296,1050.563118754465,268884.0335977065,633.7298093745724,True,0.027537285913427287,1.3768642956713644,47780.09342909383,955.6018685818766,2.881669324725465e-05,0.10374009569011673,0.17425541262739666,0.0,0.0
0.0,0.0,20,1600.0,288.15,101325.0,288.15,99298.5,747.0023969474353,1985970.0,1600.0,1886671.5,1204.893818258829,522536.54661474086,1032.9136890345726,276313.06933437096,628.3839405163793,True,0.02694730421077799,1.3473652105388996,47595.08133747234,951.9016267494467,2.8308917070346475e-05,0.1019121014532473,0.17497843884174114,0.0,0.0
0.0,0.0,22,1600.0,288.15,101325.0,288.15,99298.5,769.0276272447454,2184567.0,1600.0,2075338.65,1185.706882335626,533690.6865798887,1016.4653942011366,282211.2876877516,623.3606153397785,True,0.026398083393354144,1.3199041696677072,47373.28538811905,947.465707762381,2.7861782412894073e-05,0.10030241668641866,0.17568055865414578,0.0,0.0
0.0,0.0,24,1600.0,288.15,101325.0,288.15,99298.5,789.665578501888,2383164.0,1600.0,2264005.8,1167.7098091561197,542380.3716790598,1001.0371274377364,286806.322383136,618.6117338245433,True,0.0258834557455885,1.294172787279425,47125.74484159107,942.5148968318214,2.7462118458385535e-05,0.09886362645018792,0.17636549532461226,0.0,0.0
0.0,0.0,4,1800.0,288.15,101325.0,288.15,99298.5,452.90206401742546,397194.0,1800.0,377334.3,1659.94451178076,262742.31970082765,1423.0128690790912,138935.99839265333,737.5602020466066,True,0.04020685502831009,2.0103427514155046,46151.11154439932,923.0222308879863,4.356000720549211e-05,0.15681602593977162,0.16365003610330417,0.0,0.0
0.0,0.0,6,1800.0,288.15,101325.0,288.15,99298.5,514.7750395080936,595791.0,1800.0,566001.45,1607.058570271726,340689.9267551243,1377.6755853165246,180154.05805178336,725.7157387415145,True,0.038655151653317045,1.9327575826658523,50059.85414741403,1001.1970829482806,3.86089335573043e-05,0.13899216080629548,0.16455028182728804,0.0,0.0
0.0,0.0,8,1800.0,288.15,101325.0,288.15,99298.5,563.2306443709285,794388.0,1800.0,754668.6,1565.5306669185911,403605.3298973907,1342.0751538093364,213423.21073263156,716.2777799840285,True,0.037439940569532475,1.8719970284766236,51794.767387738735,1035.8953477547748,3.614258974198574e-05,0.13011332307114867,0.16530740935715693,0.0,0.0
0.0,0.0,10,1800.0,288.15,101325.0,288.15,99298.5,603.6565300914217,992985.0,1800.0,943335.75,1530.8099594364069,455770.5421313062,1312.3102952733877,241007.7500308163,708.290356364035,True,0.03642610564706243,1.8213052823531215,52663.36986673303,1053.2673973346607,3.458391073267842e-05,0.1245020786376423,0.16597772476352352,0.0,0.0
0.0,0.0,12,1800.0,288.15,101325.0,288.15,99298.5,638.654646320312,1191582.0,1800.0,1132002.9,1500.6961112946542,499726.8390153235,1286.494737500775,264251.4817607436,701.2890660995266,True,0.03554839296814078,1.777419648407039,53105.998667600754,1062.119973352015,3.3469282058552425e-05,0.12048941541078872,0.16658891935807357,0.0,0.0
0.0,0.0,14,1800.0,288.15,101325.0,288.15,99298.5,669.701209073937,1390179.0,1800.0,1320670.05,1473.9395856946335,537151.9699374252,1263.5572959233891,284041.5861320478,695.0091634754011,True,0.034769780725482445,1.7384890362741223,53311.54814015636,1066.230962803127,3.2609989709989756e-05,0.11739596295596312,0.16715693350434302,0.0,0.0
0.0,0.0,16,1800.0,288.15,101325.0,288.15,99298.5,697.7226902708445,1588776.0,1800.0,1509337.2,1449.7555381880834,569231.570047311,1242.8251506113015,301005.0173538588,689.2838093820939,True,0.03406703406426678,1.7033517032133392,53373.94901327414,1067.4789802654827,3.191354086971744e-05,0.11488874713098278,0.16769189480029095,0.0,0.0
0.0,0.0,18,1800.0,288.15,101325.0,288.15,99298.5,723.3425456457287,1787373.0,1800.0,1698004.3499999999,1427.6154396501056,596844.3121935419,1223.8452118732152,315606.4104709395,684.0003238125989,True,0.033424517428582476,1.6712258714291237,53344.838694813836,1066.8967738962767,3.1328726683198305e-05,0.11278341605951389,0.16820069204878924,0.0,0.0
0.0,0.0,20,1800.0,288.15,101325.0,288.15,99298.5,747.0023969474353,1985970.0,1800.0,1886671.5,1407.1446663137667,620664.7307178857,1206.2963277443348,328202.4537485468,679.0786297295882,True,0.03283115545066646,1.6415577725333232,53254.74435048936,1065.0948870097873,3.0824629665473904e-05,0.11096866679570605,0.1686882522509012,0.0,0.0
0.0,0.0,22,1800.0,288.15,101325.0,288.15,99298.5,769.0276272447454,2184567.0,1800.0,2075338.65,1388.0670348747728,641224.9260827266,1189.9417358549274,339074.5175767675,674.459551455508,True,0.03227878789574759,1.6139393947873795,53122.73352113389,1062.4546704226777,3.0381331829343906e-05,0.10937279458563806,0.16915823792847032,0.0,0.0
0.0,0.0,24,1800.0,288.15,101325.0,288.15,99298.5,789.665578501888,2383164.0,1800.0,2264005.8,1370.1724877478382,658953.8302851357,1174.6013611211642,348449.41770162794,670.0979829359607,True,0.031761211710592575,1.5880605855296288,52961.238295027346,1059.224765900547,2.9985337138137413e-05,0.10794721369729468,0.16961345637501588,0.0,0.0
